{
  "id": "1501854",
  "name": "下厨房",
  "font_family": "iconfont",
  "css_prefix_text": "icon-",
  "description": "",
  "glyphs": [
    {
      "icon_id": "714438",
      "name": "搜索",
      "font_class": "sousuo",
      "unicode": "e613",
      "unicode_decimal": 58899
    },
    {
      "icon_id": "1111307",
      "name": "我",
      "font_class": "wo",
      "unicode": "e62a",
      "unicode_decimal": 58922
    },
    {
      "icon_id": "1317778",
      "name": "商店",
      "font_class": "shangdian",
      "unicode": "e60f",
      "unicode_decimal": 58895
    },
    {
      "icon_id": "1463621",
      "name": "课程",
      "font_class": "course",
      "unicode": "e60e",
      "unicode_decimal": 58894
    },
    {
      "icon_id": "2728627",
      "name": "首页",
      "font_class": "shouye1",
      "unicode": "e699",
      "unicode_decimal": 59033
    },
    {
      "icon_id": "5661135",
      "name": "爱心",
      "font_class": "ganxingqu",
      "unicode": "e61f",
      "unicode_decimal": 58911
    },
    {
      "icon_id": "9512706",
      "name": "点赞",
      "font_class": "thumbup",
      "unicode": "e644",
      "unicode_decimal": 58948
    }
  ]
}
