{
  "id": "1501854",
  "name": "下厨房",
  "font_family": "iconfont",
  "css_prefix_text": "icon-",
  "description": "",
  "glyphs": [
    {
      "icon_id": "714438",
      "name": "搜索",
      "font_class": "sousuo",
      "unicode": "e613",
      "unicode_decimal": 58899
    },
    {
      "icon_id": "1111307",
      "name": "我",
      "font_class": "wo",
      "unicode": "e62a",
      "unicode_decimal": 58922
    },
    {
      "icon_id": "1317778",
      "name": "商店",
      "font_class": "shangdian",
      "unicode": "e60f",
      "unicode_decimal": 58895
    },
    {
      "icon_id": "1330567",
      "name": "朋友圈",
      "font_class": "pengyouquan",
      "unicode": "e73b",
      "unicode_decimal": 59195
    },
    {
      "icon_id": "1463621",
      "name": "课程",
      "font_class": "course",
      "unicode": "e60e",
      "unicode_decimal": 58894
    },
    {
      "icon_id": "2380657",
      "name": "设置",
      "font_class": "shezhi",
      "unicode": "e615",
      "unicode_decimal": 58901
    },
    {
      "icon_id": "2459201",
      "name": "用户",
      "font_class": "user",
      "unicode": "e60a",
      "unicode_decimal": 58890
    },
    {
      "icon_id": "2559428",
      "name": "新用户",
      "font_class": "xinyonghu",
      "unicode": "e6b2",
      "unicode_decimal": 59058
    },
    {
      "icon_id": "2728627",
      "name": "首页",
      "font_class": "shouye1",
      "unicode": "e699",
      "unicode_decimal": 59033
    },
    {
      "icon_id": "3870503",
      "name": "书架",
      "font_class": "shujia",
      "unicode": "e63b",
      "unicode_decimal": 58939
    },
    {
      "icon_id": "4406892",
      "name": "时钟",
      "font_class": "shizhong",
      "unicode": "e650",
      "unicode_decimal": 58960
    },
    {
      "icon_id": "4940541",
      "name": "返回",
      "font_class": "fanhui",
      "unicode": "e837",
      "unicode_decimal": 59447
    },
    {
      "icon_id": "5040275",
      "name": "三点",
      "font_class": "sandian",
      "unicode": "e607",
      "unicode_decimal": 58887
    },
    {
      "icon_id": "5661135",
      "name": "爱心",
      "font_class": "ganxingqu",
      "unicode": "e61f",
      "unicode_decimal": 58911
    },
    {
      "icon_id": "7868132",
      "name": "订单2",
      "font_class": "dingdan",
      "unicode": "e7c5",
      "unicode_decimal": 59333
    },
    {
      "icon_id": "8096790",
      "name": "添加",
      "font_class": "iconfront-",
      "unicode": "e61d",
      "unicode_decimal": 58909
    },
    {
      "icon_id": "8436712",
      "name": "时钟-面形",
      "font_class": "shizhong-mianxing",
      "unicode": "e62b",
      "unicode_decimal": 58923
    },
    {
      "icon_id": "8493500",
      "name": "小猪存钱罐",
      "font_class": "xiaozhu",
      "unicode": "e689",
      "unicode_decimal": 59017
    },
    {
      "icon_id": "9512706",
      "name": "点赞",
      "font_class": "thumbup",
      "unicode": "e644",
      "unicode_decimal": 58948
    },
    {
      "icon_id": "9512708",
      "name": "微信",
      "font_class": "wechat",
      "unicode": "e645",
      "unicode_decimal": 58949
    }
  ]
}
